Date,Time Slot,Platform(s),Content Pillar,Topic,Format,Content Text,Hashtags,Image Reference,CTA
2026-06-15,12:00,"YouTube Shorts, TikTok, Instagram Reels",Reconstitution & Math,The Golden Reconstitution Formula,Video (60s),"Stop guessing your peptide dosage math! 🧪📐

Whether you're researching 5mg or 10mg of a lyophilized compound, the rules of liquid dilution are absolute.

Save the ""Golden Formula"" for your lab records:
🧮 (Total Mg × 1000) ÷ Target Mcg × mL of Water = Syringe Units

Example:
• 5mg Peptide Vial
• Reconstituted with 2.0mL of Bacteriostatic Water
• Your target research dose is 250mcg
• (5 × 1000) ÷ 250 = 20 doses
• 2.0mL ÷ 20 doses = 0.1mL per dose
• On a standard U-100 syringe, 0.1mL = exactly 10 Units!

🧠 Want to skip the manual phone calculations? We built a 100% free interactive peptide calculator that visually displays your exact syringe lines in seconds.

👉 Link in our bio to use the VItalEdge Peptide Tool for free!",#peptides #peptidemath #reconstitution #bpc157 #peptidecalculator #biohacking #longevity #scientificresearch #vItaledge,/home/team/shared/vitaledge/content/execution/images/syringe_reading.png,Link-in-Bio: Direct to Free Interactive Calculator.
2026-06-16,18:30,"Instagram, X/Twitter",Peptide Deep-Dive,BPC-157: Science of Gastric Healing,Carousel (Infographic),"What is BPC-157 actually studied for? 🧬🔬

Derived from a protective protein naturally occurring in human gastric juice, Body Protection Compound 157 (BPC-157) is a synthetic pentadecapeptide with a highly specialized molecular purpose.

In pre-clinical literature, BPC-157 is studied for:
1️⃣ Angiogenesis: Promoting the sprouting of new blood vessels to deliver vital oxygen and nutrients to tissues.
2️⃣ Collagen Synthesis: Upregulating growth hormone receptors in tendon cells to accelerate connective tissue structural recovery.
3️⃣ Gastric Mucosal Defense: Protecting and repairing gut barrier integrity from chemical stressors.

📊 Reconstitution Spec:
Diluting a 5mg BPC-157 vial with 2.0mL of Bacteriostatic Water yields a clean 250mcg concentration per 10 syringe units (0.1mL) of liquid.

👉 Want a personalized visual guide? Tap the link in our bio to launch the free VItalEdge Peptide Reconstitution Tool instantly!",#bpc157 #peptides #peptideeducation #longevity #cellrepair #biohacking #guthealth #tendonhealing #sciencenews #vItaledge,/home/team/shared/vitaledge/content/images/post2.png,"ManyChat: Comment ""MATH"" for BPC-157 PDF Cheatsheet."
2026-06-17,08:30,"X (Twitter), Instagram Carousel",Safety & Storage,How to Store Peptides (So They Don't Degrade),X Thread / Text,"Are you accidentally ruining your research peptides? 🛑❄️

Peptides are highly sensitive structures. Exposing them to heat, UV light, or physical agitation can break down their amino acid bonds, making them useless for research.

Save this quick peptide storage blueprint:

📦 Lyophilized (Dry Powder) Vials:
• Short-term (1-3 months): Store in the refrigerator (2°C - 8°C).
• Long-term (Up to 2 years): Deep freeze at -20°C in a light-shielded container.

🧪 Reconstituted (Liquid Solution) Vials:
• Must be stored in the refrigerator immediately at 2°C - 8°C.
• Active shelf-life: Typical stable window is 21 to 28 days.
• NEVER freeze reconstituted peptides! Ice crystals will fracture the delicate molecular chains.

🌀 Handling Rule:
Avoid shaking! Mechanical shear can shatter fragile protein sequences. Gently swirl to dissolve.

👉 Keep your research precise. Head over to the link in our bio for free, high-resolution storage guides and our interactive syringe visualizer.",#peptidestorage #peptidesafety #longevityscience #reconstitution #bpc157 #biohackingcommunity #vItaledge,/home/team/shared/vitaledge/content/images/post7.png,Link-in-Bio: Storage matrix bookmark. Direct user to smart reminders.
2026-06-18,18:30,"Instagram, TikTok",Reconstitution & Math,Why Syringe Units Do NOT Equal Milligrams,Carousel (Infographic),"⚠️ The #1 most common and dangerous mistake in peptide research is confusing syringe UNITS with peptide MILLIGRAMS.

Let's clear this up once and for all:

• Milligrams (mg) measure MASS. It represents the weight of the dry peptide powder inside the vial.
• Syringe Units measure VOLUME. On a standard U-100 syringe, 100 units = exactly 1.0mL of liquid.

Because they measure different properties, they are NOT the same. Your liquid dose concentration depends entirely on the volume of Bacteriostatic Water you add.

🔬 Look at the concentration math variance for a 10mg vial:
• Add 1.0mL of water: 10 syringe units = 1.0mg of peptide.
• Add 2.0mL of water: 10 syringe units = 0.5mg of peptide.
• Add 3.0mL of water: 10 syringe units = 0.33mg of peptide.

Getting this wrong destroys research repeatability and safety guidelines.

🧠 We believe clinical accuracy should be accessible to everyone. We built a 100% free interactive visual syringe simulator that matches your specific vial and diluent.

👉 Eliminate the math risk. Tap the link in our bio to try the VItalEdge Peptide Tool today!",#peptideresearch #peptidescience #medicalmath #reconstitutioncalculator #vItaledge #biohacking #dosagecontrol,/home/team/shared/vitaledge/content/images/post4.png,"ManyChat: Comment ""CALC"" for interactive syringe simulator."
2026-06-19,12:00,"YouTube Shorts, TikTok",Comparison,TB-500 vs. BPC-157: The Dynamic Duo,Video (90s),"BPC-157 vs. TB-500: Do they do the same thing? ⚔️🧪

While both are studied for tissue repair and cellular recovery in regenerative biology, they utilize completely different physiological mechanisms.

🧬 BPC-157 (Body Protection Compound 157):
• Stable 15-amino acid pentadecapeptide.
• Highly localized healing action. Upregulates growth hormone receptors in local fibroblasts and sprouts blood vessels (angiogenesis).
• Primary focus: Joint connective tissue repair and gut barrier lining stability.

🧬 TB-500 (Thymosin Beta-4 Fragment):
• Synthetic fragment of the systemic 43-amino acid Tβ4 protein.
• Systemic cell repair action. Upregulates actin (essential for cell structures) enabling rapid cellular migration.
• Primary focus: Muscular fiber regeneration, cell migration, and reducing scar tissue rigidity.

🔄 The Synergistic Hypothesis:
Pre-clinical studies often look at combining both: BPC-157 establishes the structural collagen scaffold locally, while TB-500 drives repair cells systemically to accelerate the rate of tissue reconstruction.

👉 Ready to automate your research math? Try our free dual-peptide calculation tool! Link in bio.",#bpc157 #tb500 #thymosinbeta4 #peptides #tissuehealing #cellularrepair #biohacking #vItaledge,/home/team/shared/vitaledge/content/images/post5.png,Link-in-Bio: Complete synergistic peptide research guide on blog.
2026-06-20,12:00,"YouTube Shorts, TikTok, Instagram Reels",Reconstitution & Math,Step-by-Step BPC-157 5mg Reconstitution,Video (60s),"How to reconstitute 5mg of BPC-157 step-by-step. 🔬🧪

Reconstituting lyophilized peptides requires strict procedural sanitation to protect your research samples from bacterial contamination or mechanical breakdown:

🧽 Step 1: Wipe workspace and rubber stoppers with 70% Isopropyl Alcohol. Let air dry.
💨 Step 2: Draw 2.0mL of air into your syringe, push it into the Bacteriostatic Water vial, and extract exactly 2.0mL of Bacteriostatic Water.
🛑 Step 3: Insert the needle into the BPC-157 vial at a 45-degree angle. Aim the needle stream at the GLASS WALL. Drip water slowly. Never spray directly on the powder!
🌀 Step 4: Swirl the vial in gentle circular motions. Do not shake! Shaking creates mechanical shear that degrades peptide chains.

📈 The Math Result:
Reconstituting a 5mg vial with 2.0mL of BAC water yields 2,500mcg/mL:
• 10 Syringe Units (0.1mL) = 250mcg
• 20 Syringe Units (0.2mL) = 500mcg

👉 Customize this math for other vial sizes or different diluent volumes. Click the link in our bio for the free VItalEdge Syringe Visualizer!",#reconstitution #bpc157 #peptideresearch #laboratoryprotocol #scientificexperiments #vItaledge #peptidecalculator,/home/team/shared/vitaledge/content/execution/images/syringe_reading.png,"ManyChat: Comment ""BPC5"" for step-by-step U-100 syringe mockup."
2026-06-21,18:30,"Instagram, X/Twitter",Safety & Storage,The Ultimate Peptide Storage Cheatsheet,Single Image,"Peptide Storage 101: Bookmark this for your lab files! 🧊🧪

Incorrect temperature management is the fastest way to render your research peptides inactive. Save this reference matrix to maintain chemical stability:

❄️ Lyophilized (Dry Powder) Vials:
• Room Temp (20°C - 25°C): Stable for up to 4 weeks (safe during shipping).
• Standard Fridge (2°C - 8°C): Stable for up to 6 months.
• Deep Freezer (-20°C): Stable for up to 2 years.

🧪 Reconstituted (Liquid Solution) Vials:
• Fridge (2°C - 8°C): Stable for 21 to 28 days. Store on a deep shelf (avoid door shelving).
• Freezer (-20°C): NEVER FREEZE LIQUID PEPTIDES. Ice formation will break peptide bonds, ruining the compound.

💧 Preservative Standard:
Always use Bacteriostatic Water (0.9% benzyl alcohol preservative) for multi-use vials. Sterile water has no preservative and must be discarded immediately after a single puncture.

👉 Maintain absolute precision. Tap the link in our bio to try the VItalEdge Peptide Tool for free today!",#peptidestorage #peptidesafety #reconstitution #bpc157 #researchguidelines #biohackingcommunity #vItaledge,/home/team/shared/vitaledge/content/images/post7.png,Link-in-Bio: Free downloadable high-res PDF Storage Cheat Sheet.
2026-06-22,18:30,"Instagram, TikTok",Comparison,Semaglutide vs. Tirzepatide: The Molecular Battle,Carousel (Infographic),"Semaglutide vs. Tirzepatide: The Molecular Battle! ⚔️🧪

If you're studying metabolic optimization and appetite regulation, you must understand the key receptor pathways involved in these compounds.

🟢 Semaglutide (Selective GLP-1 Receptor Agonist):
• Mimics a single natural hormone (GLP-1) that slows digestion and signals satiety.
• Key focus: Blood sugar regulation and weight management research.

🟣 Tirzepatide (Dual GLP-1 & GIP Receptor Agonist):
• Targets BOTH the GLP-1 and GIP hormone receptors.
• GIP acts synergistically with GLP-1 to enhance lipid breakdown and metabolic rate while reducing common side effects.
• Major trials show substantial weight reduction outcomes.

📈 Both research compounds are highly studied, but Tirzepatide's dual-action pathway yields superior glycemic control in biological trials.

👉 Link in bio to try our free interactive calculator for Semaglutide and Tirzepatide calculations!",#semaglutide #tirzepatide #glp1 #gip #metabolism #weightmanagement #longevity #vItaledge,/home/team/shared/vitaledge/content/execution/images/metabolic_comparison.png,Calculate your experimental dilution rates for free. Link in bio!
2026-06-23,08:30,"X (Twitter), Instagram",Safety & Storage,Bacteriostatic Water vs. Sterile Water,X Thread / Text,"Why you should NEVER reconstitute peptides with sterile water! 🛑🔬

When preparing multi-use vials for laboratory testing, your diluent choice is critical for chemical safety and longevity.

💧 Bacteriostatic Water (The Standard):
• Contains Sterile Water mixed with 0.9% Benzyl Alcohol.
• The benzyl alcohol acts as a preservative, preventing any bacterial colonization for up to 28 days.
• Essential for vials that will be punctured multiple times over a research cycle.

🧪 Sterile Water (Single Use Only):
• Contains no preservatives of any kind.
• Once the vial is punctured, it is highly susceptible to immediate bacterial growth. Must be discarded after a single use.

⚠️ Sourcing tip: Always verify your diluent is genuine, pharmaceutical-grade Bacteriostatic Water to ensure reliable and sterile trials.

👉 Pin this post for your research records. Visit the link in our bio for full reconstitution guides!",#bacteriostaticwater #sterilewater #reconstitution #peptidesafety #laboratoryprotocol #vItaledge,/home/team/shared/vitaledge/content/images/post7.png,Keep your research safe. Bookmark our peptide guide. Link in bio.
2026-06-24,12:00,"YouTube Shorts, TikTok, Instagram Reels",Peptide Deep-Dive,GHK-Cu: The Copper Peptide Phenomenon,Video (70s),"Why is GHK-Cu royal blue? 💙🧬🔬

That striking, deep blue color is a natural chemical reaction when the tripeptide Glycyl-L-Histidyl-L-Lysine (GHK) binds with copper ions (Cu2+).

GHK-Cu naturally occurs in human plasma but declines sharply by over 60% as we age. In dermatological and regenerative research, GHK-Cu is highly celebrated for:

📈 Collagen & Elastin: Promotes fibroblast growth and cellular matrix density.
💇 Hair Follicle Support: Enhances capillary microcirculation and hair follicle size.
🛡️ Antioxidant Action: Neutralizes free radicals and supports tissue remodeling.

Reconstituting high-mg GHK-Cu (typically 50mg vials) requires careful mathematical scaling to avoid localized sting during laboratory measurement.

👉 Tap the link in our bio to use the VItalEdge calculator for precise GHK-Cu dilution math!",#ghkcu #copperpeptide #skinscience #collagen #hairdensity #antiagingresearch #vItaledge,/home/team/shared/vitaledge/content/execution/images/tb500_mechanisms.png,Check out our GHK-Cu reconstitution calculator. Link in bio!
2026-06-25,12:00,"YouTube Shorts, TikTok",Reconstitution & Math,Automating Reconstitution in 10 Seconds,Video (60s),"Stop doing manual reconstitution math on your phone! 🛑📱

Counting syringe tick marks and managing micrograms is the easiest way to make a dosing calculation error. That's why we built VItalEdge.

Our interactive reconstitution tool is 100% free with no signups. Here's how it works:
1️⃣ Select your peptide (we support 22 common research peptides).
2️⃣ Enter your vial size (mg) and added Bacteriostatic Water volume (mL).
3️⃣ Slide to select your target dose (mcg).

📊 Instantly, our tool maps your exact volumetric dose and highlights the syringe lines on a high-res graphic. Zero math, zero stress.

👉 Tap the link in our bio to launch the free VItalEdge calculator now!",#peptidecalculator #reconstitution #dosingmath #insulinsyringe #biohackingtool #vItaledge #medicaltech,/home/team/shared/vitaledge/content/execution/images/syringe_reading.png,Try the tool yourself. 100% free with no signups. Link in bio!
2026-06-26,18:30,"Instagram, X/Twitter",Peptide Deep-Dive,Epitalon & The Secret to Telomeres,Carousel (Infographic),"Can we extend telomeres and cellular lifespan? 🧬🕰️

Epitalon is a synthetic tetrapeptide (Ala-Glu-Asp-Gly) based on epithalamin, a natural hormone produced in the pineal gland. Its cellular aging research is profound.

🔬 The Science of Telomeres:
• Telomeres are protective caps at the ends of our chromosomes that shorten as cells divide.
• When telomeres get too short, cells enter senescence and die.
• Epitalon is heavily researched for its unique ability to upregulate the enzyme telomerase, which synthesizes and restores telomeric caps.

📊 Beyond longevity, animal studies indicate Epitalon supports pineal gland health, circadian sleep-wake cycles, and melatonin secretion.

👉 Learn more about Epitalon reconstitution math and research dosages on VItalEdge. Link in bio!",#epitalon #telomeres #longevityresearch #cellularaging #telomerase #biohacking #vItaledge,/home/team/shared/vitaledge/content/images/post2.png,Get the ultimate peptide library at VItalEdge. Link in bio.
2026-06-27,18:30,"Instagram, X/Twitter",Reconstitution & Math,Melanotan II: Understanding the Dilution,Carousel (Infographic),"Reconstituting Melanotan II: Precision Dilution Math! 🧪☀️

Melanotan II (MT-II) is a synthetic analog of alpha-melanocyte-stimulating hormone studied for skin tanning, photoprotection, and libido activation.

📊 Reconstitution breakdown for a 10mg vial:
• Add 2.0mL of Bacteriostatic Water to the dry powder.
• Concentration = 5mg per 1.0mL (5,000mcg/mL).
• This means each single unit on a standard U-100 syringe contains exactly 50mcg.
• A common research dose of 250mcg is exactly 5 units on your syringe.

⚠️ Due to Melanotan II's receptor affinity, precise measurement is crucial to avoid unintended dosing spikes during trials.

👉 Take the guesswork out of your dilution volume. Link in our bio for the free VItalEdge calculator!",#melanotanii #melanotan #peptidemath #skinresearch #reconstitution #vItaledge #dosagecalculator,/home/team/shared/vitaledge/content/images/post4.png,Never guess your research volume. Use the VItalEdge calculator today!
2026-06-28,08:30,"X (Twitter), Instagram",Reconstitution & Math,The Double Dilution Method Explained,X Thread / Text,"How to measure ultra-low doses in high-mg vials (The Double Dilution Method) 🧪🔬

When working with high-strength peptide vials (e.g. 10mg or 20mg), measuring micro-doses (like 50mcg or 100mcg) can be mathematically impossible on a standard syringe because the required liquid volume is too microscopic to draw.

Here is how laboratory researchers solve this with Double Dilution:

1️⃣ Reconstitute your primary vial with a standard diluent volume (e.g., 2.0mL).
2️⃣ Extract a precise fraction of this liquid (e.g., 0.1mL) and transfer it into a sterile secondary empty vial.
3️⃣ Add a secondary volume of Bacteriostatic Water (e.g., 0.9mL) to the secondary vial.

📊 This dramatically scales up the liquid volume per microgram, allowing you to accurately draw and verify microscopic research doses without risking measuring errors.

👉 Follow us for advanced laboratory guides. Calculator link in bio!",#doubledilution #peptidemath #laboratoryguide #scientificmethod #measurementscience #vItaledge,/home/team/shared/vitaledge/content/execution/images/syringe_reading.png,Master your laboratory mathematics with VItalEdge guides. Link in bio.
2026-06-29,18:30,"Instagram, X/Twitter",Comparison,CJC-1295 + Ipamorelin: The Growth Hormone Synergists,Carousel (Infographic),"Why are CJC-1295 and Ipamorelin almost always studied together? 🧪📈

In physiological research, combining these two growth hormone secretagogues (GHS) yields a powerful synergistic effect on natural growth hormone pathways.

🧬 CJC-1295 (GHRH Analog - No DAC):
• Mimics Growth Hormone-Releasing Hormone (GHRH).
• Signals the pituitary gland to release stored GH, increasing the frequency of natural secretion pulses.

🧬 Ipamorelin (Selective GHRP):
• Mimics Ghrelin as a Growth Hormone-Releasing Peptide (GHRP).
• Amplifies the strength of each natural GH pulse, while suppressing somatostatin (the hormone that blocks GH release).

🔄 The Synergy: CJC-1295 pulls the trigger (release frequency), and Ipamorelin steps on the gas (pulse strength), maximizing GH release without elevating cortisol, prolactin, or appetite.

👉 Calculate your precise CJC-1295 and Ipamorelin ratios using our free tool. Link in bio!",#cjc1295 #ipamorelin #growthhormone #ghs #synergy #musclepathway #biohacking #vItaledge,/home/team/shared/vitaledge/content/execution/images/metabolic_comparison.png,Get the precise ratio calculations on our free dosage tool. Link in bio!
2026-06-30,12:00,"YouTube Shorts, TikTok",Safety & Storage,Top 3 Reconstitution Mistakes (That Ruin Your Peptides),Video (90s),"Are you making these 3 critical peptide errors? 🛑🧪

Peptides are highly delicate biological structures. Making these common mistakes during reconstitution can permanently degrade your research compounds:

1️⃣ Vigorously Shaking the Vial:
• Shaking creates structural shear stress that breaks sensitive protein bonds (especially fragile peptides like HGH or GHK-Cu). Always gently swirl the vial to dissolve the powder.

2️⃣ Spraying Diluent Directly on the Powder:
• Shooting water straight down the vial stopper can shatter peptide chains. Insert the needle at a 45-degree angle and slowly drip liquid down the glass wall.

3️⃣ Using Reconstituted Peptides Past Their Prime:
• Once mixed with Bacteriostatic Water, peptides degrade within 21-28 days in the fridge. Label your vials with a mix date!

👉 Save this video for your next reconstitution day. Link in bio to use our free dosage tools!",#reconstitutionmistakes #peptideresearch #peptidesafety #handlingguidelines #labprotocol #vItaledge,/home/team/shared/vitaledge/content/execution/images/syringe_reading.png,Save this video for your next reconstitution day. Link in bio for our tool!
2026-07-01,12:00,"YouTube Shorts, TikTok, Instagram Reels",Peptide Deep-Dive,AOD-9604: The Fat-Burning Peptide Fragment,Video (60s),"What is AOD-9604? The Fat-Burning Fragment! 🧪🔥

AOD-9604 (Anti-Obesity Drug 9604) is a modified fragment representing the terminal end of the human growth hormone molecule (hGH C-terminal fragment 177-191).

🧬 The Fat-Loss Mechanism:
• It mimics growth hormone's natural lipolytic (fat-burning) pathways, stimulating metabolism to break down fat cells.
• Highly selective: Unlike full HGH, AOD-9604 does NOT cause insulin resistance, elevate blood sugar, or stimulate cell growth.
• Studies suggest it also supports joint tissue and cartilage repair.

📊 Reconstitution Tip: A standard 5mg AOD-9604 vial reconstituted with 2.0mL of Bacteriostatic Water yields a clean 250mcg concentration in every 10 syringe units.

👉 Automate your research dilution math with VItalEdge. Link in bio!",#aod9604 #hghfragment #fatlossresearch #lipolysis #metabolism #peptides #longevity #vItaledge,/home/team/shared/vitaledge/content/execution/images/tb500_mechanisms.png,Use our interactive tool to calculate your AOD-9604 measurements. Link in bio!
2026-07-02,18:30,"Instagram, TikTok",Reconstitution & Math,Step-by-Step Tirzepatide 15mg Reconstitution,Carousel (Infographic),"How to Reconstitute Tirzepatide 15mg Step-by-Step 🔬🟣

Measuring high-dose metabolic peptides requires precise dilution volumes to ensure accurate, safe, and repeatable laboratory results.

📊 Reconstitution protocol for a 15mg vial:
1️⃣ Sanitize both vial rubber caps thoroughly with 70% isopropyl alcohol.
2️⃣ Draw exactly 3.0mL of Bacteriostatic Water into a sterile syringe.
3️⃣ Insert the needle into the Tirzepatide vial at a 45-degree angle. Drip water slowly down the inside glass wall.
4️⃣ Gently swirl until the powder is fully dissolved and the solution is crystal clear.

📊 The Math Matrix (15mg in 3.0mL = 5,000mcg/mL):
• 50 units (0.5mL) on a standard syringe = 2.5mg of Tirzepatide.
• 100 units (1.0mL) on a standard syringe = 5.0mg of Tirzepatide.

👉 Eliminate dilution math anxiety. Link in our bio to try the VItalEdge visual syringe simulator!",#tirzepatide #reconstitution #dosagecalc #scientificresearch #laboratoryprocedure #metabolichealth #vItaledge,/home/team/shared/vitaledge/content/execution/images/syringe_reading.png,Try our interactive Tirzepatide slider. Link in bio!
2026-07-03,08:30,"X (Twitter), Instagram",Safety & Storage,What Does 99% Peptide Purity Actually Mean?,X Thread / Text,"Demystifying peptide purity: What does a 99% HPLC report actually mean? 🧪🔬

When selecting research compounds, companies frequently boast about ""99%+ Purity"" verified by third-party lab testing. But what represents the remaining 1%?

🔬 Purity Testing Explained:
• Purity is determined via HPLC (High-Performance Liquid Chromatography) and Mass Spectrometry.
• Purity strictly measures the active target peptide concentration compared to other active organic impurities.
• The remaining 1% is NOT heavy metals or toxic chemicals! It consists of trace water weight (moisture), organic salts (like acetate), or tiny amino acid fragments left over from synthesis.

⚠️ Always review third-party lab reports to verify raw peak purity and ensure your research trials are completely repeatable and stable.

👉 Learn more about peptide safety and standards at VItalEdge. Link in bio!",#peptidepurity #hplctest #massspectrometry #peptidesafety #laboratorytesting #vItaledge,/home/team/shared/vitaledge/content/images/post7.png,Demand transparency in research. Read more on the VItalEdge blog. Link in bio.
2026-07-04,18:30,"Instagram, X/Twitter",Peptide Deep-Dive,PT-141 (Bremelanotide): The Libido Peptide,Carousel (Infographic),"The science of PT-141 (Bremelanotide): The Libido Peptide! 🧪🧠

Unlike traditional blood flow therapies, PT-141 is a synthetic peptide that works directly on the central nervous system to study sexual arousal and libido research.

🧠 Mechanism of Action:
• PT-141 is a non-selective melanocortin receptor agonist.
• It activates melanocortin receptors (mainly MC3 and MC4) inside the brain, directly influencing the neurological pathways that control sexual response.
• Celebrated in pre-clinical studies for treating both male erectile dysfunction and female hypoactive sexual desire disorder.

📊 Reconstitution: Reconstituting a 10mg PT-141 vial with 2.0mL of Bacteriostatic Water yields 5mg/mL. Draw 20 syringe units for a standard 1,000mcg research dose.

👉 Visit VItalEdge for precise interactive dilution guides for PT-141! Link in bio.",#pt141 #bremelanotide #libidoresearch #brainchemistry #peptides #scientificstudy #vItaledge,/home/team/shared/vitaledge/content/images/post2.png,Calculate your research dilutions instantly at VItalEdge. Link in bio!
2026-07-05,12:00,"YouTube Shorts, TikTok, Instagram Reels",Reconstitution & Math,How to Reconstitute Semaglutide 5mg,Video (60s),"Step-by-step reconstitution of 5mg of Semaglutide. 🔬📐

If your lab is analyzing Semaglutide research vials, obtaining a correct concentration is vital for repeatable titration steps. Follow this formula:

📊 Mixing Protocol:
• Add 2.0mL of Bacteriostatic Water to your 5mg vial.
• Concentration = 2.5mg per 1.0mL (2,500mcg/mL).
• Each unit on your syringe represents exactly 25mcg.

📏 Dose Mapping Table:
• 10 syringe units = 250mcg (0.25mg)
• 20 syringe units = 500mcg (0.50mg)
• 40 syringe units = 1,000mcg (1.0mg)
• 68 syringe units = 1,700mcg (1.7mg)
• 96 syringe units = 2,400mcg (2.4mg)

👉 Get our free Semaglutide dosing table and visual calculator. Link in bio!",#semaglutide #reconstitution #peptidemath #laboratoryprotocol #titration #obesityresearch #vItaledge,/home/team/shared/vitaledge/content/execution/images/syringe_reading.png,Get our free Semaglutide dosing table. Comment 'SEMA'!
2026-07-06,12:00,"YouTube Shorts, TikTok, Instagram Reels",Peptide Deep-Dive,The Ultimate Repair Protocol: BPC-157 & TB-500 Synergy,Video (90s),"The Gold Standard in Repair Research: BPC-157 & TB-500 Synergy! 🧬🤝

When studying biocellular healing and soft tissue recovery, researchers frequently co-administer BPC-157 and TB-500 because they target entirely different biological pathways.

🧬 BPC-157 (Local Scaffold):
• Stable pentadecapeptide that acts as a localized healing promoter.
• Stimulates angiogenesis (new blood vessels) and upregulates local collagen production directly at the site of connective tissue damage.

🧬 TB-500 (Systemic Catalyst):
• Synthetic fragment of Thymosin Beta-4 that promotes systemic cellular migration.
• Upregulates actin structures, allowing healthy cells to travel rapidly to damaged tissues and significantly minimizing rigid scar tissue development.

🔄 Combined, BPC-157 builds the localized structural scaffold, while TB-500 systemically drives the recovery cells to it.

👉 Automate your multi-peptide research math with the VItalEdge calculator. Link in bio!",#bpc157 #tb500 #synergy #tissuerepair #biohacking #longevityresearch #regenerativemedicine #vItaledge,/home/team/shared/vitaledge/content/images/post5.png,Automate your dual-peptide research calculations. Link in bio!
2026-07-07,18:30,"Instagram, TikTok",Peptide Deep-Dive,GHK-Cu for Hair & Skin Restoration,Carousel (Infographic),"GHK-Cu: The Regenerative Peptide for Hair & Skin! 💇💆💙

As a highly active copper-binding tripeptide, GHK-Cu has gathered immense interest in pre-clinical studies for skin rejuvenation and follicular restoration.

📈 Dermatological Benefits:
• Stimulates collagen, elastin, and glycosaminoglycan synthesis in aging skin fibroblasts.
• Tightens loose skin, improves elasticity, and helps rebuild protective skin barrier proteins.

💇 Follicular Benefits:
• Research shows GHK-Cu blocks DHT pathways (the hormone responsible for follicle shrinkage).
• Stimulates blood supply and microcirculation directly around hair follicles, encouraging denser, thicker hair regrowth in animal trials.

👉 Need GHK-Cu reconstitution math charts? Access our free interactive peptide tools. Link in bio!",#ghkcu #hairrestoration #collagen #skinrestoration #antiagingpeptide #dermatology #vItaledge,/home/team/shared/vitaledge/content/execution/images/tb500_mechanisms.png,Need a GHK-Cu reconstitution chart? We've got a free interactive one. Link in bio!
2026-07-08,18:30,"Instagram, X/Twitter",Reconstitution & Math,Insulin Syringes Demystified: Gauge vs. Volume,Carousel (Infographic),"Insulin Syringes Demystified: Gauge vs. Volume! 💉📏

Understanding syringe sizes and needle thicknesses is vital to prevent measurement errors and ensure proper research sample handling.

📏 Syringe Volume (cc/mL):
• 1.0cc Syringe holds up to 100 units (1.0mL total volume).
• 0.5cc Syringe holds up to 50 units (0.5mL total volume).
• 0.3cc Syringe holds up to 30 units (0.3mL total volume).
• Pro-tip: For small doses, a 0.3cc barrel makes tick marks much easier to read!

📐 Needle Gauge (G):
• Refers to needle thickness. Higher numbers mean THINNER needles.
• 31G (0.25mm) is ultra-thin, minimizing tissue disruption.
• 30G (0.30mm) is standard and highly durable.
• 29G (0.33mm) is slightly thicker, used for drawing more viscous solutions.

👉 Save this guide to never make a syringe draw error. Link in bio for our free interactive syringe calculator!",#insulinsyringe #needlemarkings #peptidemath #measurementscience #labtech #vItaledge #dosagecalculator,/home/team/shared/vitaledge/content/execution/images/syringe_reading.png,Save this to never make a measurement error. Link in bio for our tool!
2026-07-09,08:30,"X (Twitter), Instagram",Safety & Storage,How Freeze-Thaw Cycles Degrade Peptides,X Thread / Text,"Stop freezing your liquid peptides! (The Freeze-Thaw Degradation Cycle) 🛑❄️

Peptides are long, fragile chains of amino acids held together by sensitive peptide bonds. While freezing dry powder is safe, freezing liquid solution is a massive error.

🔬 The Physics of Freezing Liquid Solutions:
• As liquid water freezes, it expands and forms sharp, microscopic ice crystals.
• These ice crystals act as physical micro-blades, shearing and snapping the delicate chemical bonds of your dissolved peptides.
• Freezing and thawing liquid solution multiple times can completely render the active compounds inactive.

❄️ Storage standard: Once reconstituted, always store your peptide solutions in standard refrigeration (2°C - 8°C). Never place liquid vials in the freezer!

👉 Keep your laboratory trials stable and repeatable. Visit VItalEdge for more storage guides. Link in bio!",#peptidesafety #peptidestorage #freezethaw #chemistryfacts #vItaledge #scienceinfo,/home/team/shared/vitaledge/content/images/post7.png,Keep your research stable and repeatable. Visit VItalEdge for more guides. Link in bio.
2026-07-10,18:30,"Instagram, X/Twitter",Comparison,Sermorelin vs. Ipamorelin: GHS Comparison,Carousel (Infographic),"Sermorelin vs. Ipamorelin: GHS Comparison Guide! ⚖️📈

Both are popular Growth Hormone Secretagogues (GHS) researched for muscle preservation, sleep quality, and tissue repair, but they operate through different pathways.

🧬 Sermorelin (GHRH Analog):
• Mimics natural Growth Hormone-Releasing Hormone (GHRH).
• Operates on a short biological half-life, signaling the pituitary gland to increase natural GH secretion peaks.

🧬 Ipamorelin (Selective GHRP):
• Acts as a highly selective Growth Hormone-Releasing Peptide (GHRP).
• Longer biological half-life. It stimulates GH release without affecting appetite pathways (unlike GHRP-6), and causes zero spikes in cortisol or prolactin.

📊 In laboratory research, Ipamorelin is often favored for its precise receptor selectivity and lack of side effects.

👉 Reconstitute and visualize your growth secretagogue doses instantly at VItalEdge. Link in bio!",#sermorelin #ipamorelin #growthhormone #peptides #comparison #longevity #musclepathway #vItaledge,/home/team/shared/vitaledge/content/images/post2.png,"Choose your peptide, slide the dose, and calculate. Link in bio!"
2026-07-11,12:00,"YouTube Shorts, TikTok, Instagram Reels",Reconstitution & Math,Reconstituting GHK-Cu 50mg: How to Avoid 'The Sting',Video (70s),"GHK-Cu 50mg: How to avoid the infamous ""sting"" during trials! 🧪🔬

GHK-Cu is one of the most exciting regenerative peptides, but high-concentration copper peptide is notorious for causing a stinging sensation upon administration in studies.

💡 The Solution is Dilution Math:
• The sting is caused by high osmotic concentration and pH sensitivity in small liquid volumes.
• To mitigate this, add larger volumes of Bacteriostatic Water during reconstitution.
• Instead of 2.0mL of water, dilute a 50mg vial with 5.0mL of Bacteriostatic Water.
• This lowers the concentration per unit of volume, drastically reducing localized sting while keeping your active target dose intact.

📊 Reconstitution Math: 50mg in 5.0mL = 10mg/mL (or 1,000mcg per 10 syringe units).

👉 Calculate your precise GHK-Cu volumes perfectly on VItalEdge. Link in bio!",#ghkcu #reconstitution #peptidemath #copperscience #laboratoryguide #vItaledge #dosagecalculator,/home/team/shared/vitaledge/content/execution/images/tb500_mechanisms.png,Calculate your GHK-Cu volumes perfectly on our website. Link in bio!
2026-07-12,18:30,"Instagram, X/Twitter",Peptide Deep-Dive,What is Tesofensine? The Future of Appetite Control Research,Carousel (Infographic),"What is Tesofensine? The Future of Satiety Research! 🧠🔥

Unlike standard peptide agonists, Tesofensine is a powerful oral monoamine reuptake inhibitor that is gathering massive attention in metabolic research.

🧠 The Triple Action Pathway:
• Tesofensine inhibits the reuptake of three key neurotransmitters: Dopamine, Serotonin, and Noradrenaline.
• By keeping these active in the brain, it signals profound satiety (appetite control) and dramatically enhances fat oxidation.
• Studies suggest it may also stimulate thermogenesis (passive metabolic caloric burn).

📊 In major clinical trials, research subjects demonstrated significant metabolic enhancement and weight reduction.

👉 Read our comprehensive Tesofensine research overview at VItalEdge. Link in bio!",#tesofensine #satiety #fatoxidation #metabolism #weightmanagement #neuroscience #vItaledge,/home/team/shared/vitaledge/content/execution/images/metabolic_comparison.png,Read our full Tesofensine research overview at VItalEdge. Link in bio!
2026-07-13,12:00,"YouTube Shorts, TikTok, Instagram Reels",Comparison & FAQs,Top 5 Peptide Research FAQs,Video (90s),"Answering your burning peptide research questions! 🔬❓

Here are rapid-fire answers to the top 5 questions peptide researchers ask us:

1️⃣ Can I mix two peptides in the same syringe? Yes, if chemically compatible, but always draw from separate reconstituted vials. Do not mix them in liquid form inside the vial!
2️⃣ How long do reconstituted peptides last? Typically 21 to 28 days in standard refrigeration (2°C - 8°C).
3️⃣ What is BAC water? Sterile water containing 0.9% benzyl alcohol as a preservative.
4️⃣ What's the best syringe? A U-100 insulin syringe (typically 30G or 31G).
5️⃣ How can I avoid math errors? Skip the phone calculator!

👉 Head over to VItalEdge for the free interactive reconstitution calculator! Link in bio.",#peptidefaq #reconstitutionmath #peptideresearch #insulinsyringe #bpc157 #vItaledge #dosageguidelines,/home/team/shared/vitaledge/content/execution/images/syringe_reading.png,Have more questions? Head over to our free community tool at VItalEdge!
2026-07-14,18:30,"Instagram, TikTok",Growth / Promo,Never Run Out of Research Supplies Again,Carousel (Infographic),"Take the stress out of your research logistics! 📦🧪🕰️

There is nothing worse than being in the middle of a vital research trial and realizing you've run out of supply or Bacteriostatic Water.

That's why we built VItalEdge Smart Replenishment. Our free platform does more than calculate your dilution math:

⏳ Run-Out Prediction: Enter your dose size and schedule, and we calculate your exact replenishment date.
🔔 Replenishment Alerts: Set up SMS and Email reminders to notify you before you run empty.
📦 Sourcing: Auto-reorder high-quality, wholesale-priced dropshipped peptides natively through our interface.

👉 Automate your laboratory schedules and pricing for free. Visit VItalEdge today! Link in bio.",#vitaledge #peptideresearch #laboratorysupplies #wholesalepeptides #smartreminders #biohackinglife,/home/team/shared/vitaledge/content/images/post7.png,Take the stress out of research logistics. Start using VItalEdge today! Link in bio.
